model,BENIGN,Bot,DDoS,DoS GoldenEye,DoS Hulk,DoS slowloris,FTP-Patator,Infiltration,PortScan,SSH-Patator,Web Attack – Brute Force,Web Attack – Sql Injection,Web Attack – XSS
LSTM,0.00020000000000004736,0.06379265892979641,0.0001732050807568927,0.0016743157806499067,0.0,0.0019052558883257795,0.0023302360395461874,0.0,0.018744954876801712,0.0008504900548115555,0.005519359866264654,0.2007411351301305,0.03213238242023153
Transformer,5.7735026918956215e-05,0.14754437750498434,0.00017320508075686865,0.003629508690350955,0.0008386497083606262,0.0,0.0013000000000000511,0.0,0.01817259841996555,0.010186428880296233,0.029913263501887163,0.11568458554765768,0.04447564876798685
RF,9.999999999998899e-05,0.13879107800335483,0.00019999999999997797,0.0017616280348965348,0.007422263805605405,0.005350700888668725,0.0012503332889007093,0.0,0.009008884503644104,0.0004618802153517619,0.023004854560143038,0.25240766628610944,0.03396488382628937
GRU,0.00037859388971997655,0.061521053306977755,0.0002645751311065086,0.007358215363342743,0.0019347695814575228,0.003810511776651519,0.0038214307966170113,0.0,0.05228846271725087,0.009152777356263688,0.013115385367320844,0.4029209517179931,0.03585001162249933
1D-CNN,0.0005686240703077506,0.05192266685498091,0.0012288205727444476,0.004348562981031785,0.00473427220735493,0.001650252505931582,0.006173329733620274,0.07216878364870323,0.16839861440443427,0.013693185653212026,0.021369682574463592,0.2845341865810387,0.07646602731496739
Transformer-small,0.0008386497083605959,0.08120063628650538,0.0019347695814575059,0.012495732604906886,0.019627107105565356,0.025700583650960174,0.029805536398461254,0.0,0.14574828758285063,0.04274915203837384,0.034709796887910545,0.19243084472090227,0.288793703763315
MLP,0.00570350769263967,0.005335728628781641,0.001167618659209137,0.03678074677509058,0.05498875642650353,0.05629378296046554,0.05434421158995069,0.0,0.01129704976236422,0.09210550110244954,0.05188651077110505,0.018345935062932424,0.021432763082097794
SVM,0.004565449959569489,0.00041633319989322633,0.0017785762095938414,0.02790883969880035,0.002250185177565018,0.07587155813170926,0.005182984982935304,0.0,0.04997922901899681,0.002569695182961097,0.006468642309892685,0.006765599258996452,0.005437217425607821
Image-CNN,0.030750826547157033,0.0033486315612998294,0.15052411766889717,0.12215176352936268,0.018055193158756307,0.13725728881678134,0.05843204029753993,0.0,0.25677590099799735,0.030612796888447365,0.28807709037686424,0.07696079088297712,0.15944776574163716
